name,address,phone
Hospital A,123 Main St,7887081384
Hospital B,456 High St,7887085384
Hospital C,789 Park Ave,7887041384
Hospital D,200 River Rd
Hospital E,123 Main St,7887081384
Hospital F,456 High St,7887085384
Hospital G,789 Park Ave,7887041384
Hospital H,200 River Rd,
Hospital I,123 Main St,7887081384
Hospital J,456 High St,7887085384
Hospital K,789 Park Ave,7887041384
Hospital L,200 River Rd,
Hospital M,123 Main St,7887081384
Hospital N,456 High St,7887085384
Hospital O,789 Park Ave,7887041384
Hospital P,456 High St,7887085384
Hospital Q,789 Park Ave,7887041384
Hospital R,200 River Rd,
Hospital S,123 Main St,7887081384
Hospital T,456 High St,7887085384




